epoch,time,train/box_loss,train/cls_loss,train/dfl_loss,metrics/precision(B),metrics/recall(B),metrics/mAP50(B),metrics/mAP50-95(B),val/box_loss,val/cls_loss,val/dfl_loss,lr/pg0,lr/pg1,lr/pg2
1,7.75049,1.52398,3.81186,1.88718,0.00386,0.88889,0.0833,0.04278,1.33345,4.92597,1.92047,2.727e-05,2.727e-05,2.727e-05
2,15.2752,1.33247,3.84881,1.78321,0.00419,0.88889,0.08457,0.04945,1.31957,4.9203,1.92143,6.23701e-05,6.23701e-05,6.23701e-05
3,22.3782,1.1749,3.82153,1.64863,0.00535,0.94444,0.10337,0.05083,1.35117,4.72666,1.87956,9.60304e-05,9.60304e-05,9.60304e-05
4,29.3877,1.24919,3.68095,1.61447,0.00611,0.94444,0.0716,0.0487,1.24609,4.63178,1.7522,0.000128251,0.000128251,0.000128251
5,36.7623,1.24351,3.71814,1.61835,0.00698,1,0.15908,0.07118,1.11806,4.53268,1.63803,0.000159031,0.000159031,0.000159031
6,44.2686,1.25094,3.67634,1.60264,0.00713,1,0.22266,0.1071,1.15249,4.50971,1.66292,0.000188372,0.000188372,0.000188372
7,51.3803,1.22246,3.35977,1.54204,0.00696,1,0.28281,0.18282,1.11711,4.51625,1.60157,0.000216273,0.000216273,0.000216273
8,58.3487,1.22575,3.24791,1.57946,0.00665,1,0.27532,0.16799,1.12624,4.49321,1.5969,0.000242734,0.000242734,0.000242734
9,65.2473,1.04528,3.30769,1.50088,0.00621,1,0.28727,0.19238,1.20419,4.46617,1.64401,0.000267755,0.000267755,0.000267755
10,72.5728,1.05058,3.10564,1.41414,0.00625,1,0.28244,0.18952,1.2127,4.36281,1.64249,0.000291336,0.000291336,0.000291336
11,81.1024,1.04779,2.96387,1.40427,0.00607,1,0.24537,0.16875,1.16965,4.34645,1.57165,0.000313478,0.000313478,0.000313478
12,105.472,0.98581,3.04572,1.42769,0.00578,1,0.22257,0.15927,1.16122,4.40331,1.55582,0.000334179,0.000334179,0.000334179
13,129.836,1.06305,3.12043,1.42025,0.00588,1,0.1918,0.13739,1.13652,4.36995,1.54845,0.000353441,0.000353441,0.000353441
14,153.212,1.05545,2.93449,1.48883,0.00606,1,0.19298,0.12764,1.1506,4.34378,1.58594,0.000371263,0.000371263,0.000371263
15,178.614,0.93548,2.92305,1.38159,0.00585,1,0.21879,0.15159,1.20044,4.28309,1.66901,0.000387645,0.000387645,0.000387645
16,202.985,1.01711,2.86038,1.38396,0.00585,1,0.21879,0.15159,1.20044,4.28309,1.66901,0.000402587,0.000402587,0.000402587
17,227.96,0.99371,2.70416,1.40534,0.00552,1,0.29571,0.15002,1.22529,4.30471,1.69513,0.000416089,0.000416089,0.000416089
18,252.507,1.11516,2.69268,1.53785,0.00533,1,0.29185,0.15698,1.26941,4.17114,1.70942,0.000428152,0.000428152,0.000428152
19,277.18,1.01185,2.5236,1.43465,0.00533,1,0.29185,0.15698,1.26941,4.17114,1.70942,0.000438774,0.000438774,0.000438774
20,301.782,1.01696,2.36638,1.45361,0.52014,0.13889,0.31497,0.17147,1.28947,4.0664,1.74288,0.000447957,0.000447957,0.000447957
21,325.937,0.97572,2.43796,1.43488,0.76862,0.1392,0.33817,0.16016,1.41389,4.04251,1.87742,0.0004557,0.0004557,0.0004557
22,351.37,0.90812,2.49997,1.3303,0.76862,0.1392,0.33817,0.16016,1.41389,4.04251,1.87742,0.000462003,0.000462003,0.000462003
23,360.475,0.94062,2.44351,1.39548,0.77067,0.14535,0.34423,0.15323,1.41788,3.98067,1.89228,0.000466866,0.000466866,0.000466866
24,367.418,0.92127,2.35891,1.374,0.77067,0.14535,0.34423,0.15323,1.41788,3.98067,1.89228,0.000470289,0.000470289,0.000470289
25,374.531,1.00619,2.40035,1.40973,0.56647,0.35652,0.3939,0.2215,1.3576,3.89726,1.82982,0.000472273,0.000472273,0.000472273
26,381.4,0.93965,2.2213,1.32364,0.56647,0.35652,0.3939,0.2215,1.3576,3.89726,1.82982,0.000459045,0.000459045,0.000459045
27,388.326,0.96522,2.2987,1.3902,0.58082,0.27778,0.38448,0.20335,1.32675,3.81955,1.78677,0.000441047,0.000441047,0.000441047
28,395.214,1.02204,2.26275,1.46164,0.58082,0.27778,0.38448,0.20335,1.32675,3.81955,1.78677,0.000423049,0.000423049,0.000423049
29,402.004,1.00245,2.56472,1.42786,0.4805,0.26435,0.29749,0.1712,1.3424,3.79812,1.81002,0.00040505,0.00040505,0.00040505
30,408.691,0.98677,2.36805,1.36328,0.4805,0.26435,0.29749,0.1712,1.3424,3.79812,1.81002,0.000387052,0.000387052,0.000387052
31,415.893,0.8289,1.85811,1.25362,0.24615,0.49277,0.32056,0.19326,1.29036,3.71984,1.83551,0.000369054,0.000369054,0.000369054
32,423.699,0.96328,2.18132,1.37948,0.24615,0.49277,0.32056,0.19326,1.29036,3.71984,1.83551,0.000351056,0.000351056,0.000351056
33,432.839,1.01138,2.05579,1.47191,0.41984,0.55556,0.32731,0.19716,1.36132,3.7584,1.90609,0.000333058,0.000333058,0.000333058
34,441.593,0.8772,1.89294,1.2389,0.41984,0.55556,0.32731,0.19716,1.36132,3.7584,1.90609,0.000315059,0.000315059,0.000315059
35,450.371,0.83895,1.9044,1.27419,0.56569,0.58309,0.46062,0.26746,1.42803,3.68379,1.98675,0.000297061,0.000297061,0.000297061
36,458.225,0.95714,1.99443,1.34647,0.56569,0.58309,0.46062,0.26746,1.42803,3.68379,1.98675,0.000279063,0.000279063,0.000279063
37,464.803,0.83655,1.97459,1.25282,0.47591,0.61111,0.42648,0.2472,1.46184,3.66242,2.05676,0.000261065,0.000261065,0.000261065
38,471.735,0.81836,1.7693,1.22839,0.47591,0.61111,0.42648,0.2472,1.46184,3.66242,2.05676,0.000243067,0.000243067,0.000243067
39,478.544,0.93159,1.94887,1.37075,0.23398,0.55968,0.33496,0.18109,1.55634,3.66705,2.14217,0.000225068,0.000225068,0.000225068
40,485.328,0.7728,1.81908,1.25249,0.23398,0.55968,0.33496,0.18109,1.55634,3.66705,2.14217,0.00020707,0.00020707,0.00020707
41,491.993,0.83161,2.52066,1.42435,0.23584,0.33333,0.30503,0.17092,1.47966,3.76365,2.06175,0.000189072,0.000189072,0.000189072
42,498.979,0.84863,2.47587,1.34437,0.23584,0.33333,0.30503,0.17092,1.47966,3.76365,2.06175,0.000171074,0.000171074,0.000171074
43,505.934,0.71848,2.23445,1.31711,0.25554,0.32802,0.31813,0.18268,1.45345,3.84093,1.93877,0.000153076,0.000153076,0.000153076
44,513.645,0.7625,2.32844,1.29501,0.25554,0.32802,0.31813,0.18268,1.45345,3.84093,1.93877,0.000135077,0.000135077,0.000135077
45,520.924,0.74427,2.24411,1.32574,0.86864,0.19444,0.25301,0.15481,1.43739,3.81723,1.91388,0.000117079,0.000117079,0.000117079
46,528.214,0.80197,2.29162,1.35789,0.86864,0.19444,0.25301,0.15481,1.43739,3.81723,1.91388,9.9081e-05,9.9081e-05,9.9081e-05
47,535.333,0.71112,2.468,1.22822,0.2271,0.26398,0.26717,0.16735,1.41354,3.76144,1.90501,8.10828e-05,8.10828e-05,8.10828e-05
48,542.659,0.77563,2.15919,1.32234,0.2271,0.26398,0.26717,0.16735,1.41354,3.76144,1.90501,6.30846e-05,6.30846e-05,6.30846e-05
49,549.229,0.77318,2.33618,1.25772,0.24887,0.31812,0.30427,0.19065,1.44719,3.73177,1.91907,4.50864e-05,4.50864e-05,4.50864e-05
50,555.76,0.71681,2.1937,1.22899,0.24887,0.31812,0.30427,0.19065,1.44719,3.73177,1.91907,2.70882e-05,2.70882e-05,2.70882e-05
